{"r2": 0.5522005009236464, "mae": 31.947289002557547, "feature_importance": {"_type": "image-file", "path": "media/images/feature_importance_0_191045b0.png", "sha256": "191045b0ba96703fbadf927c7804bbc0295c3c4ebdab3e9b7bbf563b76e81afa", "size": 33878, "format": "png", "width": 1000, "height": 1000}, "_runtime": 18839, "_timestamp": 1651511332, "_step": 0}